variable	relative_importance	scaled_importance	percentage
n_back_2_mean_score	24.9182243347168	1	0.19523639127478
digit_span_forward	21.8994407653809	0.878852380138095	0.171583967161413
group	19.1116638183594	0.766975349512864	0.149741499435605
digit_span_backward	14.6688089370728	0.588677938685853	0.114931356372102
AGL_offline	13.3009824752808	0.533785325014088	0.104214320571186
PS_vis_RT_med	9.62053203582764	0.386084173037323	0.0753776806721147
AGL_medRT_diff	9.3336238861084	0.374570184485598	0.0731297310980968
PS_ac_RT_med	9.171311378479	0.368056377343921	0.0718579988982959
IQ	5.60645580291748	0.224994194113037	0.0439270545164068
