variable	relative_importance	scaled_importance	percentage
group	10.5034408569336	1	0.178311336152421
AGL_offline	9.7960033416748	0.932647070146371	0.16630154523644
digit_span_backward	9.14107322692871	0.870293206906045	0.155183144567792
PS_vis_RT_med	7.7300853729248	0.735957433208373	0.131229553266691
digit_span_forward	6.32011604309082	0.601718630035294	0.107293252909398
n_back_2_mean_score	5.90955209732056	0.562630111200132	0.100323326887681
PS_ac_RT_med	4.76290273666382	0.453461184914437	0.0808572697753533
IQ	2.52482986450195	0.240381214012858	0.0428626954565738
AGL_medRT_diff	2.2170615196228	0.21107954524819	0.0376378757476502
