{
    "best_params": {
        "max_depth": 5,
        "max_features": 1,
        "max_samples": 0.75,
        "min_samples_leaf": 2,
        "min_samples_split": 2,
        "n_estimators": 10
    },
    "r2": 0.14428450182175412,
    "mse": 0.02653650400268669
}